word,hook_kind,hook_text
Abase,sound_spelling,Being brought to your base (low point) can be humiliating.
Abate,sound_spelling,If you don't use bait you reduce your odds in fishing.
Abdicate,morphology,"""ab-"" (away) + ""dic-"" (speak) + ""-ate"" (verb) = to formally speak away your power."
Abduct,morphology,"""ab-"" (away) + ""duct"" (lead) = to lead away."
Aberration,morphology,"""ab-"" (away) + ""err"" (wander) = wandering away from what is normal."
Abet,sound_spelling,A bet placed on someone encourages them to succeed.
Abhor,sound_spelling,A horror - you hate it and shrink away from it.
Abide,sound_spelling,"You bide your time, enduring or putting up with the situation."
Abject,morphology,"""ab-"" (away) + ""ject"" (throw) = thrown away into a wretched state."
Abjure,morphology,"""ab-"" (away) + ""jur"" (swear) = to swear away or legally renounce."
Abnegation,morphology,"""ab-"" (away) + ""neg"" (deny) = the act of denying yourself something."
Abort,,
Abridge,sound_spelling,"A bridge connects two points, making the journey shorter."
Abrogate,sound_spelling,A broken gate means the security rules have been abolished or repealed.
Abscond,sound_spelling,Abscond with the scones - running away secretly with the stolen goods.
Absolution,sound_spelling,The absolute solution to guilt is being forgiven completely.
Abstain,sound_spelling,You abstain from wine so it doesn't stain your shirt.
Abstruse,sound_spelling,Sounds like obstructs - the complex meaning obstructs your understanding.
Accede,morphology,"""ac-"" (toward) + ""cede"" (yield) = to yield toward an agreement."
Accentuate,,
Accessible,,
Acclaim,morphology,"""ac-"" (toward) + ""claim"" (shout) = shouting praise toward someone."
Accolade,etymology_story,"From Latin ""ad"" (to) + ""collum"" (neck). Originally a ceremonial embrace around the neck when conferring knighthood."
Accommodating,,
Accord,morphology,"""ac-"" (toward) + ""cord"" (heart) = hearts moving toward agreement."
Accost,etymology_story,"From Latin ""ad costam"" (to the rib/side). To aggressively come right up to someone's side and confront them."
Accretion,sound_spelling,A creation built up gradually layer by layer.
Acerbic,sound_spelling,An acerbic comment is acidic and bites.
Acquiesce,sound_spelling,Acquire quiet - you stay quiet and just agree to it.
Acrimony,sound_spelling,A crime on me - leaves you with bitterness and ill will.
Acumen,sound_spelling,IQ men - men with high IQs have great mental sharpness.
Acute,sound_spelling,A cute angle is sharp and precise.
Adamant,etymology_story,"From Greek adamas, meaning ""uncuttable"" (the same root as diamond). Unyielding and unbreakable."
Adept,sound_spelling,A depth of knowledge makes you highly skilled.
Adhere,morphology,"""ad-"" (to) + ""haerere"" (stick) = to stick to."
Admonish,morphology,"""ad-"" (to) + ""monere"" (warn) = to give a warning to."
Adorn,,
Adroit,etymology_story,"From French à droit meaning ""to the right."" The right hand was historically considered the skilled and dexterous one."
Adulation,sound_spelling,Adult infatuation - excessive flattery and worship.
Adumbrate,morphology,"""ad-"" (toward) + ""umbr"" (shadow) = to cast a shadow over, or outline vaguely."
Adverse,morphology,"""ad-"" (against) + ""vers"" (turn) = turned against you; hostile."
Advocate,morphology,"""ad-"" (toward) + ""voc"" (voice) = to add your voice toward a cause."
Aerial,,
Aesthetic,,
Affable,sound_spelling,A fable - the grandpa telling a fable is friendly and easy to talk to.
Affinity,sound_spelling,"Infinity - an infinite, natural connection or liking for something."
Affluent,morphology,"""af-"" (toward) + ""flu"" (flow) = wealth flowing toward you."
Affront,sound_spelling,In front - an insult right in front of your face.
Aggrandize,sound_spelling,To make something grander.
Aggregate,morphology,"""ag-"" (toward) + ""greg"" (flock) = to bring the flock together into a whole."
Aggrieved,sound_spelling,You feel aggrieved when someone causes you grief.
Agile,,
Agnostic,morphology,"""a-"" (without) + ""gnos"" (knowledge) = claiming to be without knowledge (usually of God)."
Agriculture,,
Aisle,,
Alacrity,sound_spelling,Sounds like electricity - moving with electric speed and readiness.
Alias,,
Allay,sound_spelling,To lay a baby down soothes and calms it.
Allege,,
Alleviate,morphology,"""ad-"" (to) + ""lev"" (light) = to make something lighter or less severe."
Allocate,,
Aloof,sound_spelling,"A roof - sitting alone on a roof, emotionally detached from everyone below."
Altercation,sound_spelling,"When things alter (change) for the worse, a noisy argument starts."
Amalgamate,sound_spelling,A mall - a mall brings many different stores together into one place.
Ambiguous,morphology,"""ambi-"" (both) + ""agere"" (drive) = driven in two directions, unclear."
Ambivalent,morphology,"""ambi-"" (both) + ""val"" (strength/feeling) = having strong feelings in both directions."
Ameliorate,sound_spelling,A million rate - taking a bad rating and improving it to a million.
Amenable,sound_spelling,"Amen-able - someone who frequently says ""amen"" (yes) and is easily persuaded."
Amenity,,
Amiable,morphology,"""am-"" (love/friend) = friendly and pleasant (used for people)."
Amicable,morphology,"""am-"" (love/friend) = friendly and peaceful (used for agreements/situations)."
Amorous,morphology,"""am-"" (love) + ""-ous"" (full of) = full of romantic love."
Amorphous,morphology,"""a-"" (without) + ""morph"" (shape) = without definite shape."
Anachronistic,morphology,"""ana-"" (backward/against) + ""chron"" (time) = placed in the wrong time period."
Analgesic,morphology,"""an-"" (without) + ""alg"" (pain) = medicine that takes away pain."
Analogous,,
Anarchist,morphology,"""an-"" (without) + ""arch"" (ruler) = one who believes in no government."
Anathema,sound_spelling,A nasty asthma - something you vehemently despise and avoid.
Anecdote,,
Anesthesia,morphology,"""an-"" (without) + ""esthes"" (feeling) = without physical sensation."
Anguish,,
Animated,morphology,"""anima"" (soul/life) = full of life."
Annex,,
Annul,sound_spelling,A null - making a contract legally null and void.
Anomaly,morphology,"""an-"" (not) + ""homos"" (same) = not the same as the normal rule."
Anonymous,morphology,"""an-"" (without) + ""onym"" (name) = without a name."
Antagonism,,
Antecedent,morphology,"""ante-"" (before) + ""ced"" (go) = the thing that goes before."
Antediluvian,morphology,"""ante-"" (before) + ""diluvium"" (flood) = literally ""before the biblical flood,"" meaning ancient."
Anthology,etymology_story,Greek anthos (flower) + logia (collection): a bouquet metaphor for chosen writings.
Antipathy,morphology,"""anti-"" (against) + ""path"" (feeling) = a strong feeling against someone."
Antiquated,,
Antiseptic,morphology,"""anti-"" (against) + ""septic"" (infection) = against infection."
Antithesis,morphology,"""anti-"" (opposite) + ""thesis"" (idea) = the exact opposite."
Anxiety,,
Apathetic,morphology,"""a-"" (without) + ""path"" (feeling) = without emotion or interest."
Apocryphal,sound_spelling,A pocket full of lies - a story of doubtful authenticity.
Appalling,,
Appease,sound_spelling,To bring someone to a state of peace.
Appraise,sound_spelling,You offer praise when you determine something has high value.
Apprehend,sound_spelling,Up your hand - what cops say when they arrest you.
Approbation,sound_spelling,Approve a nation - official approval or praise.
Appropriate,sound_spelling,A property - to take something for your own use.
Aquatic,,
Arable,morphology,"""ar-"" (plow) + ""-able"" = plowable and farmable."
Arbiter,sound_spelling,An arbiter will bite down on the arguments and make the final decision.
Arbitrary,,
Arbitration,,
Arboreal,etymology_story,From Latin arbor (tree). Relating to trees.
Arcane,sound_spelling,Ark cane - Indiana Jones needed a cane to find the lost Ark because its location was highly mysterious and known only to a few.
Archaic,morphology,"""archaios"" (ancient) = very old."
Archetypal,morphology,"""arch-"" (original) + ""type"" (model) = the original model."
Ardor,sound_spelling,Harder - working harder because you have intense passion.
Arid,sound_spelling,A rid - you rid the desert of all its water.
Arrogate,sound_spelling,Arrow gate - taking over the castle gate with arrows to claim it without justification.
Artifact,,
Artisan,,
Ascertain,sound_spelling,As certain - to make yourself absolutely certain of the facts.
Ascetic,sound_spelling,Acidic - a monk drinking acidic water instead of wine to practice severe self-discipline.
Ascribe,morphology,"""ad-"" (to) + ""scribere"" (write) = to write someone's name to a quote, crediting them."
Aspersion,sound_spelling,Ass portion - talking about the worst portion of someone to damage their reputation.
Aspire,,
Assail,sound_spelling,A sail - pirate ships use a sail to suddenly attack you.
Assess,,
Assiduous,sound_spelling,Ass in dust - working so hard and persistently that your donkey is leaving a dust trail.
Assuage,sound_spelling,"A sausage - feeding a hungry, angry dog a sausage to calm and satisfy it."
Astute,sound_spelling,A student - a good student is sharp and clever.
Asylum,,
Atone,sound_spelling,"At one - making up for your sins so you are back ""at one"" with God."
Atrophy,sound_spelling,"A trophy - if you just stare at a trophy and stop training, your muscles will waste away."
Attain,,
Attribute,,
Atypical,morphology,"""a-"" (not) + ""typical"" = not typical."
Audacious,sound_spelling,"All day shush - if you shush the teacher all day, you are boldly disrespectful."
Audible,,
Augment,sound_spelling,Argument - you augment (add to) your essay to win the argument.
Auspicious,sound_spelling,Awesome space - entering an awesome space is a sign of future success.
Austere,sound_spelling,"Out steer - steering out of the fun lane into a strict, severe, undecorated lifestyle."
Avarice,sound_spelling,Have a rice - the greedy rich man wants to have every single grain of rice for himself.
Avenge,,
Aversion,morphology,"""a-"" (away) + ""vers"" (turn) = turning away in disgust."
Balk,sound_spelling,A dog barks when it balks (refuses to move forward).
Ballad,,
Banal,sound_spelling,"Ban all - we should ban all boring, unoriginal movies."
Bane,sound_spelling,Batman's enemy Bane is the cause of his great distress.
Bard,,
Bashful,sound_spelling,"If you are shy, you might nervously bash your toe into the ground."
Beguile,morphology,"""be-"" (completely) + ""guile"" (trickery) = to charm someone in a deceptive way."
Behemoth,,
Benevolent,morphology,"""bene-"" (good) + ""vol"" (wish) = wishing good upon others."
Benign,morphology,"""bene-"" (good) + ""gen"" (born) = gentle and harmless."
Bequeath,sound_spelling,Beneath - leaving your possessions to the generation beneath you.
Berate,sound_spelling,To give someone a B rate (a bad grade) and scold them angrily for it.
Bereft,sound_spelling,He left - feeling utterly deprived and sad because he left.
Beseech,sound_spelling,Bee speech - begging the bees not to sting you.
Bias,,
Bilk,sound_spelling,Milk - the scammer will milk you for all your money.
Blandish,sound_spelling,Bland dish - flattering the chef by saying the bland dish is actually delicious.
Blemish,,
Blight,sound_spelling,B-light - blocking out the light causes the crops to die.
Boisterous,sound_spelling,"Boys terrorize - loud, energetic boys terrorizing the playground."
Bombastic,sound_spelling,Bomb - inflating your speech with explosive words that lack actual substance.
Boon,sound_spelling,Boom! - an explosive stroke of good luck or benefit.
Bourgeois,,
Brazen,sound_spelling,Brass - acting as bold and hard as brass without any shame.
Brusque,sound_spelling,"Brush - brushing someone off with a quick, rude reply."
Buffet,sound_spelling,A buff guy hitting you repeatedly.
Burnish,sound_spelling,Burn - rubbing the metal so fast it burns and becomes highly polished.
Buttress,sound_spelling,Butt rest - a support structure that acts as a rest for the building.
Cacophony,morphology,"""kakos"" (bad) + ""phon"" (sound) = a harsh, bad mixture of sounds."
Cadence,,
Cajole,sound_spelling,Cage hole - coaxing the scared puppy out of the cage hole with a treat.
Calamity,sound_spelling,"Calm am I? T(ee) - No, I am not calm, it's a disaster!"
Calibrate,,
Callous,sound_spelling,Having physical calluses on your hands makes them hard; having a callous personality means your heart is hard and unfeeling.
Calumny,sound_spelling,Column - writing a gossip column full of slander to ruin someone's reputation.
Camaraderie,,
Candor,sound_spelling,Can do - being completely open and honest about what you can do.
Canny,sound_spelling,"Can he? - Yes, he can, because he's shrewd and clever."
Canvas,etymology_story,Canvas fabric was originally made from cannabis (hemp).
Capacious,sound_spelling,Capacity - having a massive capacity; very roomy.
Capitulate,morphology,"""caput"" (head) = to give up your head to the enemy, to surrender."
Capricious,sound_spelling,"Capri Sun - a toddler's mood is capricious; one second they are happy, the next they are crying because they dropped their Capri Sun."
Captivate,,
Carouse,sound_spelling,Car house - driving your car into the house because you were partying and drinking noisily.
Carp,sound_spelling,A carp fish just swims around complaining and nitpicking.
Catalog,,
Catalyze,,
Caucus,sound_spelling,Cactus - politicians gathering around a spiky cactus to hold a closed political meeting.
Caustic,sound_spelling,Cause sick - drinking a harsh chemical will cause you to be sick.
Cavort,sound_spelling,Cave fort - jumping and dancing around excitedly in your childhood cave fort.
Censure,sound_spelling,Censor - the government officially criticizes and censors the journalist.
Cerebral,morphology,"""cerebrum"" (brain) + ""-al"" = relating to the brain/intellect."
Chaos,,
Chastise,sound_spelling,Chase ties - the boss will chase you down and scold you for not wearing a tie.
Cherish,,
Chide,sound_spelling,Child - how you gently scold a child for making a mistake.
Choreography,,
Chronicle,,
Chronological,morphology,"""chron"" (time) + ""log"" (order) = arranged in order of time."
Circuitous,morphology,"""circum"" (around) + ""ire"" (go) = going in a circular, indirect route."
Circumlocution,morphology,"""circum"" (around) + ""loc"" (speak) = talking around the subject to avoid the point."
Circumscribed,morphology,"""circum"" (around) + ""scribere"" (write/draw) = drawing a line around something to restrict it."
Circumspect,morphology,"""circum"" (around) + ""spect"" (look) = looking around carefully before acting; cautious."
Circumvent,morphology,"""circum"" (around) + ""vent"" (go) = to find a way around an obstacle."
Clairvoyant,morphology,"""clair"" (clear) + ""voyant"" (seeing) = having clear vision of the future."
Clamor,sound_spelling,Claim more - the angry mob is loudly shouting to claim more rights.
Clandestine,sound_spelling,Clan destiny - the secret clan held a hidden meeting to discuss their destiny.
Cleave,sound_spelling,Meat cleaver - a heavy knife used to split things apart.
Clemency,sound_spelling,Lemon tea - giving the sore-throated prisoner a warm lemon tea as an act of mercy.
Clergy,,
Cloying,sound_spelling,Clawing - romantic words that are so overly sweet you want to claw your ears off.
Coagulate,sound_spelling,Colgate - toothpaste thickens and solidifies if left out.
Coalesce,morphology,Fuse into one: co- (together) + alescere (to grow)-parts grow together into a single mass.
Cobbler,,
Coerce,sound_spelling,Force - using force or threats to get someone to do something.
Cogent,sound_spelling,"Co-agent - your FBI co-agent presents a clear, logical, and convincing argument."
Cognizant,morphology,"""cogn"" (know) = having knowledge or awareness."
Coherent,morphology,"""co-"" (together) + ""haerere"" (stick) = sticking together logically."
Collateral,,
Colloquial,morphology,"""col-"" (together) + ""loqu"" (speak) = how people speak together in everyday conversation."
Collusion,morphology,"""col-"" (together) + ""ludere"" (play/deceive) = playing together in a secret, deceitful plot."
Colossus,,
Combustion,,
Commendation,sound_spelling,Recommend a nation - giving official praise.
Commensurate,morphology,"""com-"" (together) + ""mensur"" (measure) = corresponding in size or degree."
Commodious,sound_spelling,"Commode (toilet) - a massive, spacious bathroom."
Compelling,,
Compensate,,
Complacency,sound_spelling,"Come play, senor - relaxing and playing instead of staying alert to danger."
Complement,morphology,"""com-"" (together) + ""plere"" (fill) = to fill up together, completing the whole."
Compliant,,
Complicit,morphology,"""com-"" (together) + ""plic"" (fold) = folded together into an illegal act."
Compliment,etymology_story,Latin complementum (what completes); courtesy praise - remember: I like compliments.
Compound,,
Comprehensive,,
Compress,,
Compunction,morphology,"""com-"" (intensive) + ""punct"" (prick) = a sharp prick of guilt."
Concede,morphology,"""con-"" (completely) + ""cedere"" (yield) = to completely yield the argument."
Conciliatory,sound_spelling,Council - bringing the arguing sides to the council to make peace.
Concise,morphology,"""con-"" (completely) + ""caedere"" (cut) = cut down to just the essential words."
Concoct,sound_spelling,Cocktail - mixing ingredients together to invent a new cocktail.
Concomitant,sound_spelling,"Comet tent - if a comet hits your tent, disaster is a naturally accompanying result."
Concord,morphology,"""con-"" (together) + ""cord"" (heart) = hearts together in harmony."
Condolence,morphology,"""con-"" (with) + ""dolere"" (grieve) = to grieve with someone."
Condone,sound_spelling,"Con done - the convict is done with his sentence, so you overlook his past offense."
Conduit,sound_spelling,Can do it - the pipe is the channel that can do the job of moving the water.
Confection,,
Confidant,morphology,"""con-"" (with) + ""fid"" (trust) = the person you completely trust with your secrets."
Conflagration,sound_spelling,"Flag ration - a massive fire burned through the military base, so they had to ration their remaining flags."
Confluence,morphology,"""con-"" (together) + ""flu"" (flow) = rivers (or ideas) flowing together into one."
Conformist,morphology,"""con-"" (together) + ""form"" = taking the exact same form or shape as the rest of society."
Confound,sound_spelling,Dumbfounded - you are so thoroughly confused you are left dumbfounded.
Congeal,sound_spelling,"Jell-O - it cools down and thickens into a solid mass, just like Jell-O."
Congenial,morphology,"""con-"" (with) + ""gen"" (nature) = sharing the same nature; highly agreeable and friendly."
Congregation,morphology,"""con-"" (together) + ""greg"" (flock) = a flock of people gathering together."
Congruity,sound_spelling,"Geometry - just like congruent triangles, everything fits perfectly together in agreement."
Connive,sound_spelling,Knives - secretly plotting behind someone's back with knives.
Consecrate,morphology,"""con-"" (together) + ""sacr"" (sacred) = to officially declare something holy."
Consensus,morphology,"""con-"" (together) + ""sens"" (feel) = everyone in the room feeling the same way; a general agreement."
Consign,sound_spelling,Sign - you sign the paperwork to formally hand the goods over to someone else's care.
Consolation,sound_spelling,Console - giving a sad gamer a new console to comfort them after a major loss.
Consonant,morphology,"""con-"" (together) + ""son"" (sound) = sounding together in perfect harmony."
Constituent,,
Constrain,,
Construe,sound_spelling,Construct - you carefully construct the meaning of a complex sentence in your mind.
Consummate,morphology,"""con-"" (together) + ""summa"" (highest) = brought to the absolute highest, most complete level of skill."
Consumption,,
Contemporaneous,morphology,"""con-"" (together) + ""tempor"" (time) = two events happening at the exact same time."
Contentious,sound_spelling,Contender - a boxer who loves to fight and argue.
Contravene,morphology,"""contra-"" (against) + ""venire"" (come) = to come against a direct rule or law."
Contrite,etymology_story,From Latin contritus (ground to pieces). Your heart is crushed and ground to pieces by the guilt of what you've done.
Contusion,sound_spelling,Confusion - getting hit in the head so hard it leaves a massive bruise and causes confusion.
Conundrum,sound_spelling,"Nun drum - a nun playing a heavy metal drum kit is a confusing, puzzling situation to figure out."
Convene,morphology,"""con-"" (together) + ""venire"" (come) = to officially come together for a meeting."
Convention,,
Convivial,morphology,"""con-"" (with) + ""viv"" (life) = full of life, highly festive, and sociable."
Convoluted,morphology,"""con-"" (together) + ""volvere"" (roll) = rolled and twisted together so many times it becomes impossibly complicated."
Copious,sound_spelling,Copy us - the printer made so many copies you now have an abundant supply.
Cordial,morphology,"""cord"" (heart) = acting in a warm, polite, and heartfelt way."
Coronation,morphology,"""coron"" (crown) = the official ceremony of giving someone the crown."
Corpulence,morphology,"""corp"" (body) = having a massive, excessively fat body."
Corroborate,morphology,"""cor-"" (together) + ""robor"" (strength) = to add strength to a witness's story by providing matching evidence."
Corrosive,,
Cosmopolitan,morphology,"""cosm"" (world) + ""polit"" (citizen) = a citizen of the world; highly sophisticated and well-traveled."
Counteract,,
Coup,sound_spelling,Coop - the angry chickens violently overthrew the farmer to take control of the coop.
Covert,sound_spelling,Cover it - keeping the military operation completely covered up and secret.
Covet,sound_spelling,Cover it - you want your neighbor's new car so badly you throw a tarp over it to steal it.
Credulity,morphology,"""cred"" (believe) = an excessive readiness to believe things; extreme gullibility."
Crescendo,,
Criteria,,
Culmination,,
Culpable,morphology,"""culp"" (blame) = fully deserving of the blame."
Cultivate,,
Cumulative,,
Cunning,,
Cupidity,etymology_story,"Named after Cupid, the Roman god of desire. While Cupid is associated with love, the word evolved to mean an extreme, greedy desire for…"
Cursory,sound_spelling,Cursor - moving your computer cursor quickly over the text without actually stopping to read it.
Curt,sound_spelling,Cut - a spoken response so short and rude it feels like you've been cut off.
Curtail,sound_spelling,Cut tail - to cut the tail off a long meeting to shorten it.
Daunting,sound_spelling,Haunting - a ghost haunting your house is an incredibly intimidating and scary problem to deal with.
Dearth,sound_spelling,Dead earth - a dead patch of earth has a severe scarcity and lack of crops.
Debacle,sound_spelling,"Da buckle - the buckle on the CEO's belt breaks during a keynote speech, causing a complete public disaster."
Debase,morphology,"""de-"" (down) + ""base"" = to lower the value, status, or quality of something."
Debauch,sound_spelling,"Da botch - you completely botched your life by engaging in extreme, corrupt partying."
Debunk,sound_spelling,De-bunk - kicking your brother out of the top bunk because his claim that he called dibs is entirely false.
Decorous,sound_spelling,"Decorate - having excellent manners, perfectly presented like a beautifully decorated room."
Decry,sound_spelling,Cry - crying out publicly against a policy you hate.
Deface,morphology,"""de-"" (down/remove) + ""face"" = to ruin the surface or outward appearance of something (like graffiti)."
Defamatory,morphology,"""de-"" (remove) + ""fame"" = words specifically designed to destroy someone's fame or reputation."
Defer,,
Deferential,sound_spelling,Reference - treating someone with such deep respect that you always use them as a reference.
Defile,sound_spelling,"File - spilling black coffee all over a clean file, completely corrupting and dirtying it."
Deft,sound_spelling,Theft - a pickpocket must be incredibly quick and skillful to pull off a theft.
Defunct,morphology,"""de-"" (off) + ""funct"" (perform) = no longer functioning; dead or extinct."
Delegate,,
Deleterious,sound_spelling,Delete - a computer virus that is so harmful it deletes all your hard drive files.
Deliberate,,
Delineate,morphology,"""de-"" (out) + ""line"" = to trace the exact lines or outline of a plan in detail."
Demagogue,morphology,"""dem"" (people) + ""agog"" (leader) = a toxic political leader who manipulates the dark emotions of the people to gain power."
Demarcation,sound_spelling,The mark - setting the physical mark on the ground to define a clear boundary.
Demean,morphology,"""de-"" (down) + ""mean"" = to put someone down and intentionally make them feel inferior."
Demure,sound_spelling,"Murmur - a shy, modest girl who only speaks in a quiet murmur."
Denigrate,morphology,"""de-"" (completely) + ""nigr"" (black) = to heavily blacken someone's reputation with insults."
Denounce,morphology,"""de-"" (down) + ""nuntiare"" (speak/announce) = to publicly announce your rejection of someone."
Deplore,,
Depravity,sound_spelling,Deprive - a villain completely deprived of any moral goodness.
Deprecate,sound_spelling,"Appreciate (the opposite) - to heavily express disapproval of something, the exact opposite of appreciating it."
Derelict,sound_spelling,Dairy licked - the abandoned ice cream factory is so ruined that stray dogs have licked all the rusted dairy vats.
Deride,sound_spelling,The ride - ruthlessly mocking the kid who is too scared to go on the roller coaster ride.
Derivative,,
Desecrate,morphology,"""de-"" (reverse) + ""sacr"" (sacred) = to deliberately ruin something holy."
Desiccated,sound_spelling,"Desert - completely dried out and lifeless, exactly like a desert."
Desolate,morphology,"""de-"" (completely) + ""sol"" (alone) = completely left alone, empty, and barren."
Despondent,sound_spelling,Respond - someone so hopelessly depressed they won't even respond to your texts.
Despot,sound_spelling,"Death pot - a cruel, absolute dictator who throws his enemies into a boiling death pot."
Destitute,sound_spelling,"Deserted - someone who has been entirely deserted by wealth, leaving them in extreme poverty."
Deter,,
Devious,morphology,"""de-"" (away) + ""via"" (way) = wandering away from the straight, honest path to be sneaky."
Dialect,,
Diaphanous,morphology,"""dia-"" (through) + ""phan"" (show) = fabric so light and sheer that light shows right through it."
Didactic,sound_spelling,Dictator - a teacher who constantly lectures you on morals like a strict dictator.
Diffident,morphology,"""dis-"" (not) + ""fid"" (trust) = lacking trust in your own abilities; highly shy and unconfident."
Diffuse,morphology,"""dis-"" (apart) + ""fundere"" (pour) = poured apart, spreading out thinly over a wide area."
Dilatory,sound_spelling,"Delay story - the lawyer told a long, pointless delay story just to waste time in court."
Diligent,,
Diminutive,morphology,"""min"" (small) = extremely or unusually small."
Dirge,sound_spelling,"Dirt - the slow, mournful song played while throwing dirt on a coffin."
Disaffected,morphology,"""dis-"" (not) + ""affect"" = no longer emotionally affected by or loyal to the leader."
Disavow,morphology,"""dis-"" (not) + ""avow"" (swear) = to swear you have absolutely no connection to something."
Discern,,
Disclose,morphology,"""dis-"" (un) + ""close"" = to un-close the vault and reveal a secret."
Discomfit,sound_spelling,Discomfort - to make someone feel deeply embarrassed and in a state of discomfort.
Discordant,morphology,"""dis-"" (apart) + ""cord"" (heart) = hearts apart, creating harsh, clashing sounds or opinions."
Discrepancy,,
Discretion,,
Discursive,sound_spelling,"Cursive - a speech wandering off topic, looping all over the place just like cursive handwriting."
Disdain,sound_spelling,"This stain - looking with absolute snobby disgust at ""this stain"" on your brand new shirt."
Disgruntled,sound_spelling,"Grunt - an angry, dissatisfied worker walking away just grunting under his breath."
Disheartened,morphology,"""dis-"" (remove) + ""heart"" = having your courage or spirit entirely taken away."
Disparage,sound_spelling,Spar - to verbally spar with someone just to belittle and insult their worth.
Disparate,sound_spelling,Separate - two things that are so fundamentally different they must be kept totally separate.
Dispatch,,
Dispel,morphology,"""dis-"" (apart) + ""pel"" (drive) = to drive away a rumor or bad feeling."
Disperse,morphology,"""dis-"" (apart) + ""spars"" (scatter) = to scatter the crowd in different directions."
Disrepute,morphology,"""dis-"" (not) + ""repute"" (reputation) = held in extremely low esteem by the public."
Dissemble,sound_spelling,"Disassemble - to disassemble your true face and hide behind a fake, deceptive one."
Disseminate,morphology,"""dis-"" (apart) + ""semin"" (seed) = to scatter information widely, just like a farmer planting seeds."
Dissent,morphology,"""dis-"" (apart) + ""sent"" (feel) = to feel apart from the group; to officially disagree."
Dissipate,sound_spelling,Sip it - to sip your drink so slowly over hours that the ice entirely melts and dissipates.
Dissonance,morphology,"""dis-"" (apart) + ""son"" (sound) = musical notes that clash aggressively and don't belong together."
Dissuade,morphology,"""dis-"" (against) + ""suadere"" (persuade) = to heavily persuade someone not to do something."
Distend,morphology,"""dis-"" (apart) + ""tend"" (stretch) = to stretch outwards, usually used for medical swelling."
Dither,sound_spelling,"Dizzy - spinning around dizzy, completely paralyzed and unable to make a decision."
Divine,sound_spelling,Vine - predicting the future by reading the tangled growth of a magic vine.
Divisive,,
Divulge,sound_spelling,Bulge - the secret is bulging out of your pockets until you finally crack and reveal it.
Docile,morphology,"""doc"" (teach) = easily taught and completely submissive to handling."
Dogmatic,sound_spelling,"Dog - a dog guarding its bone is stubbornly attached to it, just like someone stubbornly attached to their unproven opinion."
Dormant,morphology,"""dorm"" (sleep) = currently sleeping or temporarily inactive (like a volcano)."
Dour,sound_spelling,"Sour - having a sour, gloomy, and extremely severe facial expression."
Dubious,morphology,"""dub"" (doubt) = a claim filled with hesitation and serious doubt."
Duplicity,morphology,"""du"" (two) + ""plic"" (fold) = being two-faced or highly deceitful."
Duress,sound_spelling,Stress - being put under extreme physical stress or threats to force a confession.
Dynamic,,
Ebullient,etymology_story,From Latin ebullire (to boil over). You are so enthusiastic and joyful that your energy literally boils over the pot.
Eclectic,sound_spelling,Elect - electing to take the best individual pieces from a wide variety of different styles.
Ecstatic,,
Edict,morphology,"""e-"" (out) + ""dict"" (speak) = an official, undeniable order spoken out by a king or authority."
Efface,morphology,"""ex-"" (out) + ""face"" = to completely wipe out or erase the face of a monument."
Effervescent,etymology_story,"From Latin effervescere (to begin to boil). Used literally for fizzy drinks, and figuratively for bubbly, highly enthusiastic personalities."
Efficacious,sound_spelling,Effective - highly successful in producing the exact desired result.
Effrontery,sound_spelling,"Front - having the brazen, arrogant nerve to get right up in someone's ""front"" (face)."
Effulgent,sound_spelling,"Full gem - shining radiantly and brightly like a flawless, full gem."
Egregious,etymology_story,From Latin ex (out) + grege (flock). Standing out from the rest of the flock in a shockingly bad or horrific way.
Elaborate,,
Elated,,
Elegy,sound_spelling,"Allergy - writing a beautiful, sad poem for a friend who tragically died from a peanut allergy."
Elicit,sound_spelling,Illegal - the detective trying to draw out a confession from someone who did something illegal.
Eloquent,morphology,"""e-"" (out) + ""loqu"" (speak) = speaking out in a beautifully fluent, persuasive manner."
Elucidate,morphology,"""e-"" (out) + ""luc"" (light) = to shine a spotlight on a complex topic to make it clear."
Elude,morphology,"""e-"" (out) + ""ludere"" (play) = to play a clever trick to escape the guards."
Emaciated,sound_spelling,Mac (Macaroni) - someone who is so starving and bone-thin they desperately need a giant bowl of Mac and Cheese.
Embellish,sound_spelling,"Bell - decorating a plain, boring Christmas tree by hanging shiny bells all over it."
Embezzle,sound_spelling,Bedazzle - the corrupt accountant stole company funds just to bedazzle her own wardrobe.
Emend,sound_spelling,Amend - to make precise corrections and improvements to a written text.
Eminent,sound_spelling,"Eminem - a highly respected, famous, and prominent figure in their field."
Emollient,morphology,"""e-"" (out) + ""mollire"" (soften) = a lotion designed to completely soften the skin."
Emote,,
Empathy,morphology,"""em-"" (in) + ""path"" (feeling) = physically feeling into someone else's emotions."
Empirical,sound_spelling,"Empire - the Roman Empire was built on practical, observable facts and engineering, not just philosophical theories."
Emulate,sound_spelling,Emulator - running a video game emulator on your PC to perfectly imitate an old console.
Enamor,morphology,"""en-"" (in) + ""amor"" (love) = to be entirely filled with a feeling of love and fascination."
Encore,,
Encumber,sound_spelling,Cucumber - trying to run a marathon while carrying a 50-pound sack of cucumbers is a massive burden.
Enervate,sound_spelling,Energy out - a disease that completely drains the energy out of your body.
Enfranchise,sound_spelling,"Franchise - giving a citizen the keys to the ""franchise,"" meaning granting them the legal right to vote."
Engender,morphology,"""en-"" (in) + ""gen"" (birth) = to give birth to a situation or a feeling of trust."
Enigmatic,sound_spelling,"Enigma machine - highly mysterious and impossible to crack, just like the WWII code machine."
Enmity,sound_spelling,"Enemy - the intense, deeply rooted hatred you feel toward a bitter enemy."
Ennui,sound_spelling,"Are we? - ""Are we there yet?"" asked the kid in the backseat, suffering from extreme, soul-crushing boredom."
Entail,,
Enthrall,etymology_story,"Originally meant to put someone in ""thrall"" (slavery). Now it means to capture someone's attention so completely that they are a willing…"
Ephemeral,etymology_story,"From Greek ephemeros (lasting only one day). Originally used by biologists for short-lived insects like mayflies, now means anything…"
Epistolary,sound_spelling,Pistol - writing a highly formal series of letters to threaten a duel with a pistol.
Epitome,sound_spelling,"Epic tome - an epic, massive tome that serves as the perfect, flawless example of fantasy literature."
Equanimity,morphology,"""equ"" (equal) + ""anim"" (mind/spirit) = keeping an even, perfectly balanced mind under intense stress."
Equivocal,morphology,"""equi"" (equal) + ""voc"" (voice) = a politician speaking with two equal voices, making their stance completely ambiguous and unclear."
Erudite,morphology,"""e-"" (out) + ""rud"" (raw/rude) = trained completely out of a raw, ignorant state into profound scholarly knowledge."
Eschew,sound_spelling,"Ah - choo!-you sneeze, and I deliberately avoid you to escape the germs."
Esoteric,sound_spelling,Isolated - knowledge that is so highly isolated that only a tiny group of experts actually understand it.
Espouse,sound_spelling,"Spouse - to marry yourself to a political idea or belief, defending it just like you would a spouse."
Ethereal,morphology,"""ether"" (upper air) = light, airy, and belonging entirely to the heavens rather than earth."
Etymology,,
Euphoric,morphology,"""eu-"" (good) + ""pherein"" (bear) = bearing a feeling of intense, overwhelmingly good happiness."
Evanescent,morphology,"""e-"" (out) + ""vanescere"" (vanish) = fading rapidly out of sight; vanishing like vapor."
Evince,sound_spelling,Evidence - to clearly show evidence or proof of a hidden feeling.
Exacerbate,sound_spelling,Extra bad - making a bad situation extra bad by interfering.
Exalt,sound_spelling,Exhale - exhaling in pure awe as you praise and elevate a hero to a high rank.
Exasperate,sound_spelling,"Ex-aspirin - you have a splitting headache and realize you are out of aspirin, which thoroughly annoys and frustrates you."
Excavate,morphology,"""ex-"" (out) + ""cav"" (cave) = to hollow out a cave or systematically dig historical artifacts out of the ground."
Exculpate,morphology,"""ex-"" (out) + ""culp"" (blame) = to officially take the blame off someone's record."
Excursion,,
Execrable,sound_spelling,Excrement - a movie so utterly foul and detestable it belongs in the sewer with the excrement.
Exhort,sound_spelling,Exhaust - cheering and urging your team on so intensely from the sidelines that you exhaust yourself.
Exigent,sound_spelling,"Exit gent - the building is currently on fire, so it is highly urgent and demanding that the gentleman exits immediately."
Exonerate,morphology,"""ex-"" (out) + ""onus"" (burden) = taking the heavy burden of guilt permanently off someone's shoulders."
Exorbitant,morphology,"""ex-"" (out) + ""orbit"" = a price tag so insanely high it has flown completely out of orbit."
Expedient,morphology,"""ex-"" (out) + ""ped"" (foot) = originally meaning to free a foot from a trap; doing what is most convenient and practical to solve a problem…"
Expiate,sound_spelling,Expiration - the pirate must do good deeds to make amends for his crimes before his expiration date.
Expunge,sound_spelling,Sponge - using a massive sponge to completely wipe away and erase a criminal record.
Expurgate,sound_spelling,Purge - the school board deciding to purge a classic book of all its offensive content before assigning it.
Extant,sound_spelling,X-tent - the ancient explorer's tent still miraculously stands; it currently exists and survived the storm.
Extol,sound_spelling,Toll - paying the toll bridge operator with highly enthusiastic praise instead of actual money.
Extraneous,morphology,"""extra"" (outside) = coming from the outside and therefore entirely irrelevant to the core subject."
Extricate,sound_spelling,Trick - finally figuring out the puzzle's trick to free yourself from the trap.
Exult,sound_spelling,Vault-pole - vaulting high into the air out of sheer triumph and joy after winning gold.
Fabricate,,
Facile,morphology,"""fac"" (do/make) = an argument that is so easy to make that it is superficial and entirely lacks depth."
Fallacious,morphology,"""fall"" (deceive) = based on a false, highly deceitful premise."
Fastidious,sound_spelling,Fast tidier - obsessing over every tiny detail; nothing sloppy gets past.
Fathom,etymology_story,Originally a nautical unit of measurement for water depth (about 6 feet). To fathom a problem is to successfully reach the very bottom of…
Fatuous,sound_spelling,"Tattoo us - two drunk, incredibly silly friends shouting ""Tattoo us!"" at 3 AM; a foolish, pointless idea."
Fecund,sound_spelling,Feces - putting cow feces (manure) on the soil makes it highly fertile and incredibly productive.
Felicitous,sound_spelling,"Fleece - finding a warm fleece jacket in your trunk right as a blizzard hits is a highly fortunate, well-timed event."
Feral,sound_spelling,"Fur all - a stray animal covered in fur all over, acting completely wild and untamed."
Fervent,sound_spelling,"Fever - having a burning, passionate fever for a political cause."
Fetid,sound_spelling,Feet - a swamp smelling as horrific as a rotting pair of unwashed feet.
Fetter,sound_spelling,Feet - putting heavy iron chains on a prisoner's feet to severely restrict them.
Fickle,sound_spelling,Pickle - you can't decide if you want a sweet or a sour pickle because your tastes change constantly and unpredictably.
Fidelity,morphology,"""fid"" (trust/faith) = strict faithfulness and unwavering loyalty."
Figurative,,
Flabbergasted,,
Flaccid,sound_spelling,"Flat - a tire that is completely flat, limp, and entirely lacking firmness."
Flagrant,sound_spelling,Flag - a foul on the basketball court so obviously bad and intentional the referee throws a giant penalty flag.
Florid,morphology,"""flor"" (flower) = writing that is heavily decorated and excessively flowery."
Flout,sound_spelling,"Fly out - to openly mock and break the rules, then fly out of the country to avoid arrest."
Foil,sound_spelling,Aluminum foil - wrapping the villain's evil plans in heavy aluminum foil to completely block and ruin them.
Forage,,
Forbearance,sound_spelling,Bear - having the immense patience and self-control not to shoot the bear when it crosses your path.
Forestall,sound_spelling,Before stall - placing a heavy stall in the road before the enemy arrives to entirely prevent their advance.
Forlorn,sound_spelling,"Torn - your heart is totally torn because you are pitifully sad, lonely, and abandoned."
Forsake,,
Fortitude,morphology,"""fort"" (strong) = immense mental strength and courage while enduring deep pain."
Fortuitous,morphology,"""fortun"" (chance) = something great happening by a lucky, happy accident rather than design."
Forum,,
Foster,,
Fractious,morphology,"""fract"" (break) = a group that is easily broken into arguments; highly irritable and unruly."
Fraught,sound_spelling,Caught - a tense situation where you are constantly worried you will be caught because the room is filled with danger.
Frenetic,sound_spelling,"Frenzy - moving with wild, incredibly fast, frantic energy."
Frivolous,sound_spelling,"Free volley - playing a completely meaningless, silly free volley in tennis instead of focusing on the actual match."
Frugal,sound_spelling,Fruit girl - the girl who only eats free fruit from the trees to save money because she is highly economical.
Furtive,sound_spelling,Fur thief - the fur thief moves quietly and secretly through the mansion to avoid being caught.
Garish,sound_spelling,"Garnish - piling way too much cheap, brightly colored garnish on a plate, making the whole meal look tacky."
Garrulous,sound_spelling,Gary rules - Gary never shuts up about how much he rules; an excessively talkative guy.
Genial,morphology,"""gen"" (nature/born) = having a naturally friendly, warm, and cheerful disposition."
Gluttony,,
Goad,sound_spelling,Goat - poking a stubborn goat repeatedly with a sharp stick to provoke it to move.
Gourmand,sound_spelling,"Gourmet man - a man who loves eating rich, gourmet food in excessive amounts."
Grandiloquence,morphology,"""grand"" (great) + ""loqu"" (speak) = speaking in a massive, overly pompous way."
Grandiose,,
Gratuitous,sound_spelling,"Gratuity - adding an unnecessary, uncalled-for extra tip when the service was already bad."
Gregarious,morphology,"""greg"" (flock) = loving to be part of the flock; highly sociable and outgoing."
Grievous,sound_spelling,Grief - an injury or mistake so severe that it causes immense grief.
Guile,sound_spelling,Disguise - a criminal using a clever disguise out of pure guile and trickery.
Hackneyed,etymology_story,"From Hackney, an area in London where horses were bred to be rented out. The horses became so overworked and common that the word evolved…"
Hallowed,sound_spelling,"Halloween (All Hallows' Eve) - referring to the most holy, deeply respected evening."
Hapless,morphology,"""hap"" (luck/chance) + ""less"" = entirely without luck; doomed."
Harangue,sound_spelling,"Hear anger - a long, aggressive speech where all you hear is the speaker's intense anger."
Hardy,sound_spelling,"Hard - a plant or person tough enough to survive extremely hard, freezing conditions."
Harrowing,sound_spelling,"Arrowing - being shot at by a rain of flying arrows is a terrifying, highly distressing experience."
Haughty,sound_spelling,"High - acting incredibly high and mighty, looking down on everyone else."
Hedonist,sound_spelling,"He done it - ""He done it"" just for the sheer thrill, because a hedonist lives strictly for physical pleasure."
Hegemony,sound_spelling,Huge money - the empire with huge money has absolute dominance and control over the weaker nations.
Heinous,sound_spelling,Hate us - committing crimes so terribly wicked they make the entire world hate us.
Heterogeneous,morphology,"""hetero"" (different) + ""gen"" (kind) = made up of completely different, varied parts."
Hiatus,sound_spelling,"Hide us - the famous band begging ""hide us"" so they can take a long, badly needed break from the public."
Hierarchy,,
Hypocrisy,,
Hypothetical,,
Iconoclast,morphology,"""icon"" (image) + ""clast"" (breaker) = a rebel who attacks and breaks heavily established traditions and beliefs."
Idiosyncratic,morphology,"""idio"" (peculiar/self) = a highly unique, strange trait specific to one individual."
Idolatrous,morphology,"""idol"" = worshiping an idol or a person to an excessive, blind degree."
Ignominious,morphology,"""ig-"" (not) + ""nomin"" (name) = having your good name totally destroyed; suffering a disgraceful public defeat."
Illicit,sound_spelling,Ill - doing highly illegal things that make society ill.
Immerse,,
Immutable,morphology,"""im-"" (not) + ""mut"" (change) = a law of physics that is entirely unable to be mutated or changed."
Impassive,morphology,"""im-"" (not) + ""pass"" (feeling) = an expression showing absolutely zero emotion or feeling."
Impeccable,morphology,"""im-"" (not) + ""pecc"" (sin) = a performance or outfit that is entirely without sin or flaw."
Impecunious,morphology,"""im-"" (not) + ""pecun"" (money) = having absolutely no money."
Imperative,,
Imperious,sound_spelling,"Emperor - acting like a bossy, highly arrogant emperor barking orders."
Impertinent,morphology,"""im-"" (not) + ""pertinent"" (proper/relevant) = acting outside the bounds of proper respect; incredibly rude to an authority figure."
Impervious,morphology,"""im-"" (not) + ""per"" (through) + ""via"" (way) = providing no way through; a raincoat impervious to water."
Impetuous,sound_spelling,Impulse - acting strictly on wild impulse without thinking of the consequences.
Impinge,sound_spelling,Pinch - encroaching on someone's personal space until you literally pinch them.
Implacable,morphology,"""im-"" (not) + ""plac"" (calm/please) = an enemy whose raging anger is impossible to calm down."
Implement,,
Implicate,,
Implicit,,
Impregnable,morphology,"""im-"" (not) + ""pregnable"" (vulnerable to capture) = a heavy stone fortress that is impossible to break into."
Impudent,sound_spelling,"Rude student - a highly bold, shamelessly disrespectful student backtalking the principal."
Impute,sound_spelling,Put - to put the blame for the mistake directly onto someone else's record.
Inane,sound_spelling,Insane - a comment so painfully empty and silly it borders on insane.
Inarticulate,morphology,"""in-"" (not) + ""articulate"" = entirely unable to speak clearly or express thoughts."
Incarnate,morphology,"""in-"" (in) + ""carn"" (flesh) = a spirit or idea given physical, bodily form in the flesh."
Incendiary,morphology,"""incend"" (fire) = a bomb or a speech specifically designed to cause massive fires or conflict."
Incessant,morphology,"""in-"" (not) + ""cess"" (stop) = a dripping faucet that is never stopping."
Inchoate,sound_spelling,Inches - a business plan that is only a few inches along; just barely starting and completely unformed.
Incisive,morphology,"""in-"" (into) + ""caedere"" (cut) = mental analysis that cuts straight to the heart of the matter; razor-sharp."
Inclination,,
Incontrovertible,morphology,"""in-"" (not) + ""controvert"" (dispute) = DNA evidence that is entirely impossible to argue against."
Incorrigible,morphology,"""in-"" (not) + ""corrigere"" (correct) = a criminal so deeply bad they are completely beyond correction."
Increment,,
Incumbent,sound_spelling,Occupies the seat now - the officeholder already in power (the one whose role is filled).
Indefatigable,morphology,"""in-"" (not) + ""defatigate"" (tire) = a marathon runner whose energy is impossible to tire out."
Indigenous,,
Indigent,sound_spelling,Dig in dirt - someone so desperately poor they have to dig in the dirt to find food.
Indignation,morphology,"""in-"" (not) + ""dign"" (worthy) = fierce anger sparked by being treated in a completely unworthy or unfair way."
Indolent,sound_spelling,Indoor tent - laying lazily in an indoor tent all day doing absolutely nothing.
Indomitable,morphology,"""in-"" (not) + ""domit"" (tame) = an underdog spirit that is impossible to crush or tame."
Induce,,
Ineffable,morphology,"""in-"" (not) + ""effable"" (speakable) = looking at the Grand Canyon and feeling an awe so immense it cannot be expressed in words."
Inept,morphology,"""in-"" (not) + ""apt"" (skilled) = entirely clumsy and lacking any skill for the job."
Inexorable,morphology,"""in-"" (not) + ""exorare"" (persuade) = the marching army was impossible to persuade or stop."
Inextricable,morphology,"""in-"" (not) + ""extricate"" (untangle) = two headphones hopelessly and impossibly tangled together."
Infamy,morphology,"""in-"" (not) + ""fame"" = possessing world fame, but strictly for highly evil reasons."
Infusion,,
Ingenious,,
Ingenuous,sound_spelling,"Genuine - someone with a highly innocent, trusting, and completely genuine nature."
Inhibit,,
Inimical,morphology,"""in-"" (not) + ""amicus"" (friend) = deeply unfriendly, hostile, and actively harmful."
Iniquity,morphology,"""in-"" (not) + ""equ"" (fair/equal) = a situation of gross injustice or deeply wicked behavior."
Injunction,,
Innate,morphology,"""in-"" (in) + ""nat"" (born) = a perfect pitch musical talent you were naturally born with."
Innocuous,morphology,"""in-"" (not) + ""noc"" (harm) = entirely safe and harmless."
Innovate,,
Innuendo,,
Inoculate,,
Inquisitor,,
Insatiable,morphology,"""in-"" (not) + ""satiable"" (satisfied) = a hunger for power that is absolutely impossible to satisfy."
Insidious,sound_spelling,"Inside us - a dangerous, sneaky disease spreading quietly inside us without being noticed until it's too late."
Insinuate,,
Insipid,sound_spelling,Sip it - the tea is so totally flavorless and boring you can barely force yourself to sip it.
Insolent,sound_spelling,Insulting - a teenager showing an incredibly rude and insulting lack of respect to a judge.
Instigate,,
Insular,morphology,"""insula"" (island) = having a highly isolated and narrow-minded worldview, living purely on a cultural island."
Insurgent,morphology,"""in-"" (against) + ""surgere"" (rise) = rebels rising up violently against the established government."
Integral,,
Interject,morphology,"""inter"" (between) + ""ject"" (throw) = sharply throwing your own comment between other speakers' words."
Interlocutor,morphology,"""inter"" (between) + ""loc"" (speak) = the specific person you are speaking back and forth with in a conversation."
Interminable,morphology,"""in-"" (not) + ""termin"" (end) = a boring university lecture that feels completely endless."
Intimation,sound_spelling,"Intimate - quietly sharing a very subtle, intimate hint rather than a direct statement."
Intractable,morphology,"""in-"" (not) + ""tract"" (pull/manage) = a highly stubborn problem or person that is utterly unmanageable."
Intransigent,sound_spelling,Transfer - a negotiator aggressively refusing to transfer or compromise their original position.
Intrepid,morphology,"""in-"" (not) + ""trepidus"" (alarmed) = an explorer who is completely fearless and undaunted by danger."
Inundate,morphology,"""in-"" (into) + ""unda"" (wave) = being completely flooded by a massive wave of emails or tasks."
Inure,sound_spelling,In your - the freezing cold has been in your life for so long you've grown completely numb and used to it.
Invective,sound_spelling,"Infective - highly abusive, toxic language that spreads through a crowd like an infection."
Inveterate,morphology,"""in-"" (in) + ""veter"" (old) = an extremely old, deeply established habit you cannot break."
Inviolable,morphology,"""in-"" (not) + ""violable"" = an absolute rule that is entirely safe from being violated or broken."
Irascible,sound_spelling,Erasable - a teacher with a terrible temper who violently snaps when you use an un-erasable pen on the whiteboard.
Iridescent,,
Irreverence,morphology,"""ir-"" (not) + ""revere"" (respect) = laughing out loud at a funeral; showing a complete lack of proper respect."
Irrevocable,morphology,"""ir-"" (not) + ""re"" (back) + ""voc"" (call) = a final decision that can absolutely never be called back."
Jubilant,sound_spelling,"Jubilee - a massive, roaring celebration full of intense joy."
Judicious,morphology,"""jud"" (judge) = a leader possessing incredibly good, careful judgment."
Juxtaposition,,
Knell,sound_spelling,"Bell - the incredibly slow, solemn ringing of a funeral bell."
Kudos,,
Laceration,,
Laconic,etymology_story,"From Laconia, the region of ancient Sparta. The Spartans were highly famous for giving incredibly brief, blunt, and tough answers to their…"
Languid,sound_spelling,"Language - speaking in a highly slow, tired, and lazy language because you have zero energy."
Larceny,,
Largess,sound_spelling,Large - a highly generous billionaire handing out large sums of cash to charity.
Latent,sound_spelling,"Late tent - the true talent is hiding asleep in the tent, waiting to emerge late in the game."
Laudatory,morphology,"""laud"" (praise) = a speech expressing intense, glowing praise for a hero."
Lavish,,
Legerdemain,etymology_story,"From the French phrase léger de main meaning ""light of hand."" It is exactly the skill a magician or pickpocket uses for sleight of hand…"
Lenient,,
Lethargic,,
Liability,,
Libertarian,,
Licentious,sound_spelling,"License - acting recklessly, as if you have a government license to break all moral and sexual rules."
Limpid,sound_spelling,"Liquid - a mountain stream that is completely clear, pure, and see-through liquid."
Linchpin,,
Lithe,,
Litigant,,
Lucid,morphology,"""luc"" (light) = a complex argument suddenly made completely clear and brilliantly illuminated."
Luminous,morphology,"""lumin"" (light) = brightly shining and radiating light."
Lurid,sound_spelling,"Lure in - a tabloid using violently graphic, shocking headlines strictly to lure readers in."
Maelstrom,,
Magnanimous,morphology,"""magn"" (great) + ""anim"" (spirit) = a leader with a massive, highly forgiving spirit toward defeated enemies."
Malediction,morphology,"""mal"" (bad) + ""dict"" (speak) = a witch speaking a dark, terrible curse over a village."
Malevolent,morphology,"""mal"" (bad) + ""vol"" (wish) = heavily wishing severe evil and harm on others."
Malleable,sound_spelling,Mallet - a metal that is soft and flexible enough to be easily shaped by a mallet.
Mandate,,
Manifest,,
Manifold,morphology,"""mani"" (many) + ""fold"" = having many different, highly diverse folds or forms."
Maudlin,sound_spelling,Model in - a model in a cheap soap opera crying excessively and artificially over a tiny broken nail.
Maverick,etymology_story,"Named after Samuel Maverick, an 1800s Texas rancher who famously refused to brand his cattle. It completely evolved to mean any…"
Mawkish,sound_spelling,Ma kiss - your Ma aggressively kissing your cheek in front of your high school friends; overly sentimental and sickening.
Maxim,sound_spelling,"Maximum - a highly condensed, short phrase carrying the absolute maximum amount of truth."
Meager,,
Medley,,
Mendacious,sound_spelling,Mend - having to desperately mend your story because you were caught being highly deceitful and lying.
Mercurial,etymology_story,"Derived from the Roman god Mercury (and the liquid metal). Describes someone prone to incredibly rapid, unpredictable, and explosive mood…"
Meritorious,morphology,"""merit"" (deserve) = an action highly deserving of intense praise and reward."
Metamorphosis,morphology,"""meta"" (change) + ""morph"" (shape) = a caterpillar undergoing a complete physical transformation into a butterfly."
Meticulous,,
Mitigate,,
Moderate,,
Modicum,sound_spelling,"Modest crumb - having only a tiny, extremely modest crumb of respect left for someone."
Modulate,,
Mollify,morphology,"""moll"" (soft) + ""fy"" (make) = to completely soften someone's raging anger with an apology."
Morass,sound_spelling,"More mass - every step sinks deeper; a hopeless mix of mud, mess, and delay."
Mores,sound_spelling,Morals - the absolutely fundamental moral customs and unwritten rules of a group.
Morose,sound_spelling,"No rose - being incredibly depressed, sullen, and gloomy because you got no rose on Valentine's Day."
Multifarious,morphology,"""multi"" (many) = a museum collection having many extremely diverse, varied parts."
Mundane,morphology,"""mund"" (world) = an ordinary, highly boring task related purely to the earthly world rather than the exciting heavens."
Munificence,morphology,"""muni"" (gift) + ""fic"" (make) = making incredibly generous, massive financial gifts."
Mutable,morphology,"""mut"" (change) = a situation that is highly prone to constant change."
Myriad,sound_spelling,Pyramid - a myriad of heavy stone blocks were used to build the massive pyramid (meaning countless or extremely high in number).
Nadir,sound_spelling,Nada - hitting absolute rock bottom where you have completely nada (nothing) left.
Nascent,sound_spelling,"New scent - a brand new born project having a nascent, totally fresh scent."
Nebulous,morphology,"""nebul"" (cloud) = an idea that is highly cloudy, vague, and undefined."
Nefarious,sound_spelling,No fairness - an utterly evil villain acting with absolutely zero fairness.
Negligent,,
Neophyte,morphology,"""neo"" (new) + ""phyt"" (plant) = a newly planted convert; an absolute, raw beginner."
Nocturnal,morphology,"""noct"" (night) = a predator highly active only in the dead of night."
Noisome,sound_spelling,Nose - an odor so absolutely foul and toxic it physically attacks your nose.
Nomadic,,
Nominal,morphology,"""nomin"" (name) = the king holds power in name only; the actual amount of control is incredibly tiny."
Nonchalant,,
Nondescript,,
Notorious,,
Novice,,
Noxious,morphology,"""nox"" (harm) = highly toxic, poisonous, and physically harmful gas."
Nuance,,
Nurture,,
Obdurate,morphology,"""ob"" (against) + ""dur"" (hard) = having a completely hardened heart against any persuasion or pity."
Obfuscate,morphology,"""ob"" (against) + ""fuscare"" (darken) = to completely darken or hide the truth to confuse the public."
Oblique,sound_spelling,"Ob-look - taking an indirect, highly slanted look at the problem rather than attacking it straight on."
Oblivious,,
Obscure,,
Obsequious,sound_spelling,"Obsessed yes - fawning on authority, agreeing endlessly to stay in the boss's good graces."
Obsolete,,
Obstinate,,
Obstreperous,sound_spelling,"Street prep - a loud, completely unruly crowd causing wild chaos while prepping in the street."
Obtuse,,
Odious,sound_spelling,"Odor - a personality or crime so deeply repulsive it hits you like a foul, sickening odor."
Officious,sound_spelling,"Office boss - an annoying, low-level coworker acting exactly like the office boss and aggressively meddling in your work."
Ominous,sound_spelling,Omen - dark storm clouds giving a threatening omen that something very bad is coming.
Onerous,sound_spelling,"On us - an incredibly heavy, punishingly difficult burden placed squarely on us."
Opulent,sound_spelling,"Opal - a massive mansion dripping in opals, diamonds, and sheer, excessive wealth."
Oration,,
Ornate,,
Orthodox,morphology,"""ortho"" (straight/correct) + ""dox"" (belief) = following the strictly established, completely traditional beliefs."
Oscillate,,
Ostensible,sound_spelling,"Sensible - presenting a sensible-sounding, fake excuse that completely hides your true motive."
Ostentatious,sound_spelling,Ostrich - walking around in an enormous ostrich-feather hat specifically to aggressively show off your wealth.
Ostracism,etymology_story,"From ancient Athens, where citizens voted to banish dangerous politicians from the city by writing their names on pieces of broken pottery…"
Pacific,morphology,"""pac"" (peace) = a demeanor that is deeply calm, tranquil, and peaceful (like the Pacific Ocean)."
Palatable,sound_spelling,Plate - the strange food on the plate is finally agreeable and okay to your taste.
Palette,,
Palliate,sound_spelling,"Pill ate - you ate a pill to soothe and hide the severe symptoms, even though it didn't actually cure the disease."
Pallid,sound_spelling,"Pale - a completely pale, sickly, and utterly lifeless face."
Panacea,morphology,"""pan"" (all) + ""akos"" (cure) = a mythical, highly sought-after cure-all for absolutely every disease."
Paradigm,,
Paradox,,
Paragon,,
Paramount,sound_spelling,"Mountain - sitting at the absolute highest, most supreme mountain peak of importance."
Pariah,sound_spelling,Mariah - Mariah acted so wildly that the entire town exiled her as a total social outcast.
Parody,,
Parsimony,sound_spelling,Purse money - tightly and fiercely guarding your purse money because you are incredibly cheap.
Partisan,,
Patent,,
Pathology,,
Pathos,morphology,"""path"" (feeling) = an artistic quality that successfully evokes incredibly deep pity or sadness in the audience."
Paucity,morphology,"""pauc"" (few) = an area suffering from a severe, highly dangerous shortage of resources."
Pejorative,sound_spelling,"Major dive - an insulting, highly negative word that makes your public reputation take a major dive."
Pellucid,morphology,"""per"" (through) + ""luc"" (light) = water or writing letting maximum light through; perfectly clear and easy to understand."
Penchant,sound_spelling,"Pendant - wearing a specific, unique pendant every day because you have a massive, natural liking for it."
Penitent,sound_spelling,Penalty tent - sitting alone in the penalty tent feeling incredibly sorry and guilty for your sins.
Penultimate,morphology,"""paene"" (almost) + ""ultimus"" (last) = the item that is exactly second to last."
Penurious,sound_spelling,"Penny furious - a guy who becomes furious if he loses even a single penny because he is desperately, severely poor."
Perfidious,morphology,"""per"" (through/away) + ""fid"" (trust) = entirely breaking your faith; highly treacherous and backstabbing."
Perfunctory,morphology,"""per"" (through) + ""funct"" (perform) = performing a daily task just to get through it, with absolutely zero actual interest or care."
Permeate,morphology,"""per"" (through) + ""meare"" (pass) = the smell of smoke managing to pass completely through every part of a room."
Pernicious,morphology,"""per"" (completely) + ""nec"" (death) = spreading a highly dangerous, quiet, and deadly harm."
Perplex,,
Perspicacity,morphology,"""per"" (through) + ""spec"" (look) = looking straight through the noise with incredibly razor-sharp mental insight."
Pert,,
Pertinacious,sound_spelling,Persistent - fiercely and stubbornly holding onto an opinion with massive persistence.
Perusal,,
Pervasive,morphology,"""per"" (through) + ""vadere"" (go) = an idea spreading rapidly and going into absolutely every corner of society."
Petulance,sound_spelling,"Pet - acting exactly like a moody, highly childish pet throwing a wild tantrum."
Philanthropic,morphology,"""phil"" (love) + ""anthrop"" (human) = giving massive wealth away entirely because of a deep love for humanity."
Phlegmatic,etymology_story,"From the ancient medical theory of the four humors. Doctors believed having too much ""phlegm"" in your body meant you had a completely…"
Pillage,,
Pinnacle,,
Pithy,sound_spelling,"Pity - it's a pity his speech was so incredibly short, but it was highly dense and effective."
Pittance,sound_spelling,Pity cents - a wage so insultingly tiny they just throw you a few extra cents out of sheer pity.
Placate,sound_spelling,"Play date - setting up a highly fun play date to completely calm down a raging, angry toddler."
Placid,sound_spelling,"Plastic - an ocean surface as completely smooth, calm, and unchanging as solid plastic."
Platitude,sound_spelling,"Flat attitude - offering a flat, highly overused cliché instead of real, helpful advice."
Plaudits,morphology,"""plaudere"" (clap) = receiving heavy, wildly enthusiastic applause and praise from the crowd."
Plausible,,
Plenitude,morphology,"""plen"" (full) = a completely full, massive abundance of food."
Plethora,sound_spelling,Plaza full - a plaza completely full of a massive overabundance of items.
Pliable,sound_spelling,"Ply - like plywood, it bends easily and is highly flexible."
Poignant,sound_spelling,Point - a sad memory so sharp it feels like it points straight into your heart.
Polemic,sound_spelling,Polemic = debate weaponized: a blistering attack essay or speech against a person or idea.
Portent,sound_spelling,Important - a highly important sign that something terrible is about to happen.
Potable,sound_spelling,Pot - water safe enough to boil in a pot and drink.
Potentate,morphology,"""potent"" (powerful) = an incredibly powerful ruler or dictator."
Pragmatic,,
Precipice,sound_spelling,Press of ice - standing dangerously on the very edge of a massive cliff of ice.
Preclude,morphology,"""pre-"" (before) + ""cludere"" (shut) = shut the door before it happens, making it impossible."
Precocious,etymology_story,"Latin praecox (""cooked before""): a child whose mind has ""cooked"" ahead of schedule."
Predilection,sound_spelling,Pre-direction - you lean in a pre-direction because you have a strong preference for it.
Preponderance,morphology,"""pre-"" (before) + ""ponder"" (weigh) = an amount so massive it outweighs everything else."
Prepossessing,sound_spelling,Possess - someone so attractive you want to possess their attention.
Presage,morphology,"""pre-"" (before) + ""sage"" (wise) = wise intuition that reads what is coming before it arrives."
Prescient,morphology,"""pre-"" (before) + ""sci"" (know) = knowing what will happen before it does."
Prescribe,,
Presumptuous,,
Pretense,,
Primeval,morphology,"""prim"" (first) + ""ev"" (age) = relating to the very first, ancient ages of the earth."
Privation,sound_spelling,Deprive - a state of extreme poverty where you are deprived of basic needs.
Probity,sound_spelling,Probe - a politician whose morals are so flawless they withstand the deepest legal probe.
Proclivity,sound_spelling,Incline-built - in lean toward a habit; a tendency so steady it feels like gravity.
Procure,,
Profane,morphology,"""pro-"" (outside) + ""fanum"" (temple) = disrespect spoken outside the sacred space."
Profligate,sound_spelling,Profits gate - throwing profits out the gate because you are reckless with money.
Profuse,morphology,"""pro-"" (forth) + ""fundere"" (pour) = pouring forth in massive abundant quantities."
Promulgate,sound_spelling,Prom gate - announcing new rules loudly right at the prom gate.
Propagate,,
Propensity,sound_spelling,Pro pen - a writer with a natural tendency to always grab a pro pen.
Propitious,sound_spelling,Profits - conditions look favorable; strong signs you could see big profits.
Propriety,sound_spelling,"Proper - acting with strict, perfectly proper, socially acceptable behavior."
Prosaic,sound_spelling,Prose - writing that sounds like ordinary prose instead of poetry; dull.
Proscribe,morphology,"""pro-"" (before) + ""scribere"" (write) = write a name on a list to legally forbid someone."
Protean,etymology_story,"From Proteus, Greek sea god who changed shape to escape - versatile, constantly shifting."
Prowess,,
Prudence,sound_spelling,Prude - so careful and cautious with choices that people joke you are a prude.
Prurient,,
Puerile,sound_spelling,Pure ill - a child acting so immaturely it makes you feel purely ill.
Pugnacious,morphology,"""pugn"" (fight) = eager to argue or fight; combative energy."
Pulchritude,sound_spelling,Pull attitude - beauty so strong it pulls the room's attitude toward you.
Punctilious,sound_spelling,Punctuation - obsessed with tiny details; corrects your text-message punctuation.
Pungent,sound_spelling,Punch in - a smell so sharp it punches you in the nose.
Punitive,morphology,"""pun"" (punish) = intended to punish, not merely to correct."
Putrid,sound_spelling,Puke - rot so foul it makes you want to puke.
Quagmire,sound_spelling,"Quack mire - a duck stuck in a muddy, complicated swamp."
Quaint,,
Quandary,sound_spelling,Wandering - wandering lost because you are stuck in painful uncertainty.
Quell,sound_spelling,Quiet well - force quiets the riot well.
Querulous,sound_spelling,Quarrel - whining and always ready to pick a petty quarrel.
Quixotic,etymology_story,Don Quixote charged windmills as giants - idealistic but impractical.
Quotidian,sound_spelling,Quota - same boring daily quota; ordinary everyday life.
Rail,sound_spelling,Derail - ranting so hard you try to derail the meeting.
Rancid,,
Rancor,sound_spelling,Rank core - bitter hatred sitting in the core of your heart.
Rapport,,
Rash,,
Raucous,sound_spelling,Ruckus - a loud chaotic crowd making a ruckus.
Raze,sound_spelling,Razor - bulldozing a building down as if shaved by a razor.
Rebuke,,
Recalcitrant,morphology,"""re-"" (back) + ""calcitrare"" (kick) = kicking back; stubbornly disobedient."
Recapitulate,morphology,"""re-"" (again) + ""capit"" (head) = revisit the main heads or points in summary."
Reciprocate,,
Reclusive,morphology,"""re-"" (back) + ""clus"" (shut) = shut away from the world; withdrawn."
Reconcile,,
Rectitude,morphology,"""rect"" (straight/right) = upright, morally straight behavior."
Redoubtable,sound_spelling,Doubt - an opponent so intimidating you doubt you can win.
Refract,,
Refurbish,,
Refute,,
Regurgitate,,
Relegate,sound_spelling,"Relocate - moved down to a lower, less important rank or role."
Relish,sound_spelling,Hot dog relish - savoring a moment the way you savor relish on a hot dog.
Remedial,,
Remiss,sound_spelling,Miss - careless with duty so you miss the deadline entirely.
Renovate,,
Renown,,
Renunciation,morphology,"""re-"" (back) + ""nuntiare"" (announce) = announce you formally renounce a claim."
Repentant,,
Replete,morphology,"""re-"" (again) + ""plere"" (fill) = filled back up to maximum capacity."
Repose,sound_spelling,Pose - lying still in a calm resting pose.
Reprehensible,sound_spelling,Apprehend - behavior so bad the police should apprehend you.
Reprieve,,
Reproach,sound_spelling,Roach - scolding the owner for a roach in the kitchen.
Reprobate,sound_spelling,Probation - a scoundrel who failed probation and slid back to trouble.
Reprove,sound_spelling,Prove - scolding someone until they prove they will not repeat it.
Repudiate,sound_spelling,Refuse it - reject a claim and refuse it as false.
Repulse,morphology,"""re-"" (back) + ""puls"" (drive) = drive an attack or feeling back."
Reputable,,
Requisition,,
Rescind,sound_spelling,Send back - cancel an order and send it entirely back.
Reservoir,,
Resilient,morphology,"""re-"" (back) + ""salire"" (jump) = bounce back after a hard hit."
Resolute,sound_spelling,Resolution - a firm resolution you refuse to break.
Resolve,,
Respite,sound_spelling,Rest bit - a badly needed rest bit during an exhausting hike.
Resplendent,sound_spelling,Splendid - shining so bright it looks splendid.
Restitution,sound_spelling,Restore - paying or working to restore what was stolen or broken.
Restive,sound_spelling,"Restless - a horse tense and restless, unable to stand still."
Retract,morphology,"""re-"" (back) + ""tract"" (pull) = formally pull back a false statement."
Revel,sound_spelling,Rebel - the rebel parties all night after a wild win.
Revere,sound_spelling,"Reverend - deep respectful awe, like toward a reverend."
Revoke,morphology,"""re-"" (back) + ""voc"" (call) = call a license back and cancel it."
Rhapsodize,sound_spelling,Rap song - praising or ranting with the heat of a passionate rap.
Ribald,sound_spelling,"Rip bawd - coarse, lewd humor ripped from the tavern; indecent and deliberately shocking."
Rife,sound_spelling,Rifle - an area rife with rifles; common and dangerous.
Ruminate,etymology_story,Latin ruminare (chew the cud) - chew the same thought over and over.
Ruse,sound_spelling,Confuse - a trick meant to confuse the enemy.
Saccharine,sound_spelling,Saccharin - sweetness as fake as the sweetener; cloying and artificial.
Sacrosanct,morphology,"""sacro"" (sacred) + ""sanct"" (holy) = doubly sacred; not to be violated."
Sagacity,sound_spelling,Sage - the deep judgment of a wise sage.
Salient,sound_spelling,Sail - the main sail is the most salient feature on the boat.
Salutation,,
Salve,sound_spelling,Solve - ointment that soothes a burn and solves the worst of the sting.
Sanctimonious,morphology,"""sanct"" (holy) = acting holier-than-thou to claim moral high ground."
Sanguine,etymology_story,Latin sanguis (blood): old humor theory tied blood tone to confident optimism.
Satiate,sound_spelling,Satisfy ate - you ate enough to satisfy brutal hunger.
Scathing,sound_spelling,Scalding - a review that scalds; harshly critical.
Scintillating,sound_spelling,Sparkling - wit and energy sparkling like champagne bubbles.
Scrupulous,sound_spelling,Scrap - checking every scrap because honesty demands perfect detail.
Scurrilous,sound_spelling,Scurry - ugly rumors that make the target want to scurry away.
Sedentary,morphology,"""sed"" (sit) = life spent sitting; little movement."
Semaphore,,
Seminal,morphology,"""semin"" (seed) = a seed idea that spawns a whole field of later work."
Sensual,,
Sensuous,,
Serendipity,etymology_story,"Walpole coined it from ""The Three Princes of Serendip"" - lucky finds by accident."
Serene,,
Servile,morphology,"""serv"" (serve/slave) = groveling, excessively submissive."
Sinuous,sound_spelling,Sinus - a road winding like sinus passages; serpentine curves.
Sobriety,,
Solicitous,sound_spelling,Sole - hovering over whether your shoe sole is hurting your foot.
Solipsistic,morphology,"""solus"" (alone) + ""ipse"" (self) = the world is only ""me"" in your mind."
Soluble,,
Solvent,sound_spelling,Solve rent - cash flow strong enough to solve rent and pay debts.
Somnolent,morphology,"""somn"" (sleep) = drowsy, ready to nod off."
Sophomoric,sound_spelling,"Sophomore - acting like a cocky, immature sophomore."
Sovereign,,
Speculative,,
Spurious,sound_spelling,Furious - the judge furious at evidence that is clearly fake.
Stagnate,,
Staid,sound_spelling,"Stayed - so staid they stayed home; serious, steady, unflashy."
Stingy,,
Stoic,etymology_story,From the Stoa Poikile porch where Zeno taught - endure pain without theatrics.
Stolid,sound_spelling,Solid - emotionally solid like a brick wall; unmovable.
Strenuous,,
Strident,sound_spelling,Trident - noise as harsh as a trident slammed into stone.
Stupefy,sound_spelling,Stupid - shocked stupid; brain freezes for a moment.
Subjugate,morphology,"""sub"" (under) + ""jugum"" (yoke) = bring a people under your yoke."
Sublime,,
Submissive,,
Succinct,sound_spelling,Sucked in - speech with extra words sucked in; tight and brief.
Superfluous,morphology,"""super"" (over) + ""flu"" (flow) = extra detail flowing over the brim."
Surfeit,sound_spelling,Surf it - so many waves you cannot surf them all; excess.
Surmise,sound_spelling,"Summarize - guess the whole plot from scraps, like forced summarizing."
Surreptitious,sound_spelling,Syrup - pouring extra syrup when nobody is watching.
Surrogate,,
Swarthy,sound_spelling,"Weather-line - outdoor life etched into complexion (literary ""swarth"" tones)."
Sycophant,sound_spelling,Psyche + fawn - flatters power to win favor; a professional bootlicker.
Tacit,sound_spelling,Take it - a silent deal where everyone takes it and says nothing.
Taciturn,morphology,"""tacit"" (silent) = habitually quiet; not chatty."
Tangential,sound_spelling,Tangent - barely grazing the topic; flies off on a tangent.
Tantamount,sound_spelling,Total amount - equivalent in seriousness or value to another total.
Tedious,,
Temerity,sound_spelling,Team error - reckless nerve to blame the whole team error on the boss.
Temperance,,
Tenable,morphology,"""tenere"" (hold) = an argument you can hold up under scrutiny."
Tenuous,sound_spelling,Ten percent grip - holding the rope by the thinnest tenth; shaky.
Terrestrial,,
Timorous,sound_spelling,Tremble - timid and trembling like a frightened mouse.
Tirade,sound_spelling,Tired - a long angry speech that leaves everyone tired.
Toady,sound_spelling,Toad - creeping praise like a toad at the tyrant's foot.
Tome,sound_spelling,Tomb - a huge tome as heavy as a tombstone.
Torpid,sound_spelling,Torpedo - floating sluggish like a torpedo before launch.
Torrid,sound_spelling,Tear it - passion so hot it tears at restraint; scorching heat.
Tortuous,sound_spelling,Torture - path so twisting it feels like torture to navigate.
Tractable,morphology,"""tract"" (lead/manage) = easy to lead; docile and manageable."
Tranquil,,
Transgress,morphology,"""trans"" (across) + ""gress"" (step) = step across a moral line you should not."
Transient,morphology,"""trans"" (across) + ""ire"" (go) = passing through; not staying long."
Transmute,morphology,"""trans"" (across) + ""mut"" (change) = change something into another substance."
Travesty,sound_spelling,Tragedy - a mockery of justice so bad it is a tragedy.
Tremulous,sound_spelling,Tremble - voice trembling from fear.
Trenchant,sound_spelling,Trench - criticism that cuts a deep trench.
Trepidation,sound_spelling,Trap - dread that you are walking into a trap.
Trite,sound_spelling,Tripe - an idea as tired as cheap tripe.
Truculent,sound_spelling,Truck - aggressive like a truck ready to run you down.
Truncate,sound_spelling,Trunk - chop at the trunk to shorten the tree.
Turgid,sound_spelling,"Turgid = swollen - bloated language or tissue, overstuffed and heavy (not muddy/turbid)."
Turpitude,sound_spelling,Moral filth - conduct courts label crimes of moral turpitude; deep baseness.
Ubiquitous,morphology,"""ubique"" (everywhere) = showing up everywhere at once."
Umbrage,morphology,"""umbr"" (shadow) = take offense as if a disrespectful shadow fell on you."
Uncanny,,
Unctuous,sound_spelling,"Oil-on-tone - flattery so smooth it feels greasy; slick, insincere charm."
Undulate,sound_spelling,Undulate - waves moving under the surface in smooth rolls.
Upbraid,sound_spelling,Braid - scolding someone for ruining your careful braid.
Usurp,sound_spelling,Use up - seize power to use up what is left of the kingdom.
Utilitarian,,
Utopia,etymology_story,"More coined ""Utopia"" from ou + topos (""no place"") - a perfect society that cannot exist."
Vacillate,sound_spelling,Vase - wavering forever between two vases you cannot choose.
Vacuous,morphology,"""vac"" (empty) = empty behind the eyes; mindless."
Validate,,
Vapid,sound_spelling,Vapor - remark so dull it evaporates like vapor.
Variegated,morphology,"""varius"" (various) = patched with varied colors or tones."
Vehemently,sound_spelling,Vehicle - yelling with full heat at the car that cut you off.
Veneer,,
Venerable,morphology,"""venerari"" (respect) = worthy of reverence for age, dignity, or achievement."
Venerate,sound_spelling,Revere-plus - honor deeply as if before something sacred (same family as reverent).
Veracity,morphology,"""ver"" (truth) = truthfulness you can stake a claim on."
Verbose,morphology,"""verb"" (word) = padded with too many words; talky and windy."
Verdant,morphology,"""virid"" (green) = green with lush growth."
Vestige,sound_spelling,Vest - only a ripped old vest remains as a trace of the wreck.
Vex,sound_spelling,Hex - annoy someone as if you cast a petty hex on them.
Vicarious,sound_spelling,Borrowed thrill - living someone else's excitement secondhand.
Vicissitude,,
Vigilant,,
Vilify,morphology,"""vilis"" (vile) + ""-fy"" (make) = talk someone into looking vile."
Vindicate,morphology,Vindicare-show the accusation was false; clear a ruined name.
Vindictive,sound_spelling,Victim - wanting the other side to become your suffering victim.
Virtuoso,,
Viscous,sound_spelling,"Viscosity - thick, sticky, slow to pour."
Vitriolic,sound_spelling,Vitriol - words as burning as strong acid.
Vituperate,sound_spelling,Viper - hissing insults with viper venom.
Vivacious,morphology,"""viv"" (life) = lively, bubbling with life."
Vocation,morphology,"""voc"" (call) = a career that feels like a calling."
Vociferous,morphology,"""voc"" (voice) + ""ferre"" (carry) = carrying a loud voice into the room."
Wallow,,
Wane,sound_spelling,Wayne - Wayne Enterprises lights dimming as Bruce fades after a brutal night.
Wanton,sound_spelling,Wonton - wanton waste of a whole bowl of wonton soup on purpose; reckless malice.
Whimsical,,
Wily,sound_spelling,Wile E. - cunning traps and scams like the cartoon coyote.
Winsome,sound_spelling,Win some - charm that wins some hearts instantly.
Wistful,sound_spelling,Wishful - nostalgia colored by sad wishful longing.
Wizened,sound_spelling,Wizard - face wizened like a storybook wizard: shriveled and lined.
Wrath,,
Yoke,,
Zealous,sound_spelling,Jealous - fire of a jealous lover turned toward a cause; fiercely devoted.
Zenith,sound_spelling,"Zenith tip - apex of the arc (sun at noon); your highest point, not the bottom below."
Zephyr,sound_spelling,Zero fear - breeze so gentle it gives you zero fear of a storm.
